,Date,Confirmed,Deaths,Active,New_cases,Deaths_per_100,No_countries
0,2020-01-22,556.0,17.0,0.0,0.0,3.0575539568345325,10
1,2020-01-23,1096.0,34.0,0.0,537.0,3.1021897810218975,17
2,2020-01-24,937.0,26.0,0.0,-161.0,2.7748132337246534,13
3,2020-01-25,1431.0,42.0,0.0,493.0,2.9350104821802936,15
4,2020-01-26,2110.0,56.0,0.0,678.0,2.654028436018957,16
5,2020-01-27,2917.0,82.0,0.0,805.0,2.811107302022626,18
6,2020-01-28,5562.0,131.0,0.0,2645.0,2.3552678892484717,18
7,2020-01-29,6146.0,133.0,0.0,579.0,2.164009111617312,20
8,2020-01-30,8214.0,171.0,0.0,2067.0,2.0818115412710005,22
9,2020-01-31,9902.0,213.0,0.0,1681.0,2.1510805897798426,26
10,2020-02-01,12012.0,259.0,0.0,2107.0,2.156177156177156,27
11,2020-02-02,16761.0,362.0,0.0,4749.0,2.1597756697094446,27
12,2020-02-03,19852.0,426.0,0.0,3091.0,2.145879508361878,27
13,2020-02-04,23860.0,492.0,0.0,4007.0,2.0620284995808884,28
14,2020-02-05,27601.0,564.0,0.0,3741.0,2.04340422448462,28
15,2020-02-06,30778.0,634.0,0.0,3177.0,2.0599129248164276,28
16,2020-02-07,34291.0,719.0,0.0,3513.0,2.096760082820565,28
17,2020-02-08,37015.0,806.0,0.0,2724.0,2.1774956098878833,28
18,2020-02-09,40041.0,906.0,0.0,3026.0,2.2626807522289654,28
19,2020-02-10,42580.0,1013.0,0.0,2539.0,2.3790511977454205,28
20,2020-02-11,44619.0,1113.0,0.0,2039.0,2.4944530357022794,28
21,2020-02-12,44998.0,1118.0,0.0,379.0,2.4845548691052937,28
22,2020-02-13,60143.0,1371.0,0.0,15145.0,2.2795670319072876,28
23,2020-02-14,66617.0,1523.0,0.0,6473.0,2.2862032213999433,29
24,2020-02-15,68693.0,1666.0,0.0,2076.0,2.4252835077809967,29
25,2020-02-16,70814.0,1769.0,0.0,2121.0,2.498093597311266,29
26,2020-02-17,72747.0,1867.0,0.0,1933.0,2.566428856172763,29
27,2020-02-18,74537.0,2006.0,0.0,1790.0,2.691280840387995,29
28,2020-02-19,74960.0,2121.0,0.0,421.0,2.8295090715048024,30
29,2020-02-20,75504.0,2244.0,0.0,544.0,2.972027972027972,30
30,2020-02-21,76120.0,2248.0,0.0,616.0,2.9532317393589067,30
31,2020-02-22,77874.0,2455.0,0.0,1753.0,3.1525284433829004,31
32,2020-02-23,78201.0,2465.0,0.0,327.0,3.152133604429611,31
33,2020-02-24,78770.0,2625.0,0.0,559.0,3.3324869874317633,36
34,2020-02-25,79612.0,2704.0,0.0,839.0,3.396472893533638,39
35,2020-02-26,80576.0,2765.0,0.0,953.0,3.431542891183479,48
36,2020-02-27,81931.0,2809.0,0.0,1352.0,3.42849470896242,52
37,2020-02-28,83293.0,2865.0,0.0,1359.0,3.439664797762117,57
38,2020-02-29,85176.0,2934.0,0.0,1879.0,3.444632290786137,61
39,2020-03-01,87518.0,2989.0,0.0,2331.0,3.415297424529811,65
40,2020-03-02,89428.0,3073.0,0.0,1901.0,3.4362839379165364,72
41,2020-03-03,91946.0,3146.0,0.0,2514.0,3.4215735322906924,76
42,2020-03-04,94156.0,3236.0,0.0,2205.0,3.436849483835337,80
43,2020-03-05,96888.0,3329.0,0.0,2727.0,3.4359260176698867,83
44,2020-03-06,100620.0,3440.0,0.0,3725.0,3.4188034188034186,91
45,2020-03-07,104527.0,3540.0,0.0,3904.0,3.3866847800089928,92
46,2020-03-08,108341.0,3777.0,0.0,3801.0,3.4862148217203086,97
47,2020-03-09,112260.0,3975.0,0.0,3916.0,3.540887226082309,100
48,2020-03-10,109895.0,4202.0,0.0,5151.0,3.8236498475817826,101
49,2020-03-11,124941.0,4613.0,0.0,7373.0,3.692142691350317,113
50,2020-03-12,127420.0,4721.0,0.0,2475.0,3.7050698477476063,115
51,2020-03-13,144191.0,5400.0,0.0,16763.0,3.745032630330603,121
52,2020-03-14,155061.0,5816.0,0.0,10849.0,3.7507819503292255,135
53,2020-03-15,166212.0,6446.0,0.0,11145.0,3.8781796741510846,140
54,2020-03-16,180204.0,7140.0,0.0,13989.0,3.9621762003063195,144
55,2020-03-17,195765.0,7920.0,0.0,15557.0,4.045666998697418,146
56,2020-03-18,213373.0,8761.0,0.0,17599.0,4.105955298936604,150
57,2020-03-19,240989.0,9899.0,0.0,27612.0,4.107656366058202,154
58,2020-03-20,270516.0,11339.0,0.0,29517.0,4.191618980023363,161
59,2020-03-21,302855.0,13007.0,0.0,32337.0,4.294794538640604,163
60,2020-03-22,337679.0,14672.0,226366.0,34816.0,4.344954823960033,170
61,2020-03-23,378149.0,16575.0,261203.0,40469.0,4.3831928684195915,171
62,2020-03-24,418160.0,18711.0,292274.0,40008.0,4.474603022766405,173
63,2020-03-25,467187.0,21287.0,333325.0,49021.0,4.5564195921547475,176
64,2020-03-26,529310.0,24090.0,384608.0,62037.0,4.551208176682851,178
65,2020-03-27,592963.0,27310.0,436573.0,63645.0,4.605683659857361,179
66,2020-03-28,662548.0,30877.0,494524.0,69585.0,4.660341590345153,179
67,2020-03-29,719486.0,34135.0,540202.0,56938.0,4.74435916751681,179
68,2020-03-30,781830.0,37808.0,586615.0,62341.0,4.835833876929767,180
69,2020-03-31,856921.0,42311.0,646332.0,75088.0,4.937561338793191,182
70,2020-04-01,931174.0,47504.0,702169.0,74253.0,5.101517009710323,182
71,2020-04-02,1011458.0,53333.0,760673.0,80281.0,5.272883303112932,183
72,2020-04-03,1094684.0,59202.0,824228.0,83226.0,5.408136046566863,183
73,2020-04-04,1175022.0,65145.0,884112.0,80338.0,5.544151513758892,183
74,2020-04-05,1246827.0,70023.0,940850.0,71804.0,5.616095897827044,184
75,2020-04-06,1319175.0,75334.0,992950.0,72344.0,5.710690393617223,185
76,2020-04-07,1392145.0,82717.0,1037995.0,72970.0,5.941694291902064,185
77,2020-04-08,1477383.0,89247.0,1090122.0,85238.0,6.040884455824928,185
78,2020-04-09,1560330.0,96437.0,1144291.0,82947.0,6.1805515499926305,185
79,2020-04-10,1653582.0,103572.0,1212440.0,93251.0,6.263493434253639,186
80,2020-04-11,1731410.0,109682.0,1261741.0,77828.0,6.334836924818501,186
81,2020-04-12,1829966.0,115472.0,1337619.0,98556.0,6.310062591326833,186
82,2020-04-13,1900372.0,121040.0,1386436.0,70406.0,6.369279277951895,186
83,2020-04-14,1971529.0,127671.0,1430263.0,71157.0,6.475735330294405,186
84,2020-04-15,2052159.0,136000.0,1471255.0,80630.0,6.627166803351982,186
85,2020-04-16,2148278.0,145695.0,1530137.0,96119.0,6.7819434914848085,186
86,2020-04-17,2235765.0,155870.0,1586764.0,87487.0,6.971662943108957,186
87,2020-04-18,2316679.0,161712.0,1645542.0,80914.0,6.980336939213417,186
88,2020-04-19,2396383.0,167390.0,1693899.0,79704.0,6.985110476914583,186
89,2020-04-20,2467229.0,172554.0,1739678.0,70846.0,6.993838026385066,186
90,2020-04-21,2544265.0,179257.0,1779740.0,77036.0,7.045531813706512,186
91,2020-04-22,2623467.0,185947.0,1826043.0,79202.0,7.087834533462781,186
92,2020-04-23,2703015.0,193900.0,1872369.0,79548.0,7.173471105413769,186
93,2020-04-24,2805656.0,200386.0,1933108.0,102641.0,7.142215581667887,186
94,2020-04-25,2892589.0,206362.0,1992913.0,86933.0,7.134162509779301,186
95,2020-04-26,2966436.0,210445.0,2021352.0,73847.0,7.094203279625787,186
96,2020-04-27,3037732.0,215329.0,2064297.0,71296.0,7.088479168010871,186
97,2020-04-28,3112651.0,221605.0,2104030.0,74919.0,7.119493961899359,186
98,2020-04-29,3191611.0,232279.0,2133817.0,78960.0,7.277797952194049,186
99,2020-04-30,3254606.0,238133.0,2183245.0,62994.0,7.316799637191107,188
100,2020-05-01,3342646.0,243710.0,2238280.0,88040.0,7.290930598095042,188
101,2020-05-02,3425594.0,249402.0,2288872.0,82948.0,7.280547548833866,188
102,2020-05-03,3502677.0,253490.0,2336057.0,77083.0,7.237036129794441,188
103,2020-05-04,3578673.0,257970.0,2378105.0,75996.0,7.208537913355033,188
104,2020-05-05,3657698.0,263887.0,2419105.0,79025.0,7.214565007827327,188
105,2020-05-06,3751715.0,270684.0,2460813.0,94017.0,7.214940367272034,188
106,2020-05-07,3842086.0,276780.0,2512061.0,90371.0,7.203899131877839,188
107,2020-05-08,3933977.0,282493.0,2565915.0,91891.0,7.1808503201721825,188
108,2020-05-09,4019329.0,287295.0,2607488.0,85352.0,7.147834874925641,188
109,2020-05-10,4096947.0,291194.0,2652573.0,77618.0,7.107585233589792,188
110,2020-05-11,4172088.0,295287.0,2693956.0,75141.0,7.077679090182182,188
111,2020-05-12,4257441.0,301261.0,2734355.0,85353.0,7.076105106330305,188
112,2020-05-13,4342443.0,306781.0,2773557.0,85001.0,7.064709887959381,189
113,2020-05-14,4436275.0,312386.0,2795113.0,93832.0,7.041628393190233,189
114,2020-05-15,4536862.0,318075.0,2845331.0,100587.0,7.010903130842419,189
115,2020-05-16,4628450.0,322648.0,2894590.0,91588.0,6.970973003921399,189
116,2020-05-17,4708466.0,326386.0,2934379.0,80016.0,6.9318967154058235,189
117,2020-05-18,4797052.0,330151.0,2978268.0,88586.0,6.882372757268423,189
118,2020-05-19,4892089.0,335345.0,3166202.0,95037.0,6.854842583607944,189
119,2020-05-20,4993882.0,340773.0,3345465.0,101793.0,6.823809613443009,189
120,2020-05-21,5099190.0,345824.0,3409987.0,105308.0,6.781939876725519,189
121,2020-05-22,5209034.0,351553.0,3467582.0,109844.0,6.748909682678209,189
122,2020-05-23,5307764.0,355951.0,3526394.0,98730.0,6.706232605669732,189
123,2020-05-24,5403412.0,359305.0,3578398.0,95648.0,6.649594737547313,189
124,2020-05-25,5492080.0,360807.0,3618400.0,88668.0,6.5695874786965955,189
125,2020-05-26,5586457.0,365496.0,3520798.0,94377.0,6.542536709760766,189
126,2020-05-27,5688372.0,370875.0,3572436.0,101915.0,6.5198795015515865,189
127,2020-05-28,5806465.0,375971.0,3699579.0,118093.0,6.47504118254394,189
128,2020-05-29,5922385.0,381058.0,3756485.0,115920.0,6.4341983846035005,189
129,2020-05-30,6055344.0,385543.0,3842527.0,132959.0,6.366987573290634,189
130,2020-05-31,6158735.0,388764.0,3907351.0,103391.0,6.312400192572014,189
131,2020-06-01,6261491.0,392855.0,3969072.0,102756.0,6.27414460868825,189
132,2020-06-02,6385260.0,398227.0,4047838.0,123769.0,6.2366606841381556,189
133,2020-06-03,6500881.0,403990.0,4118882.0,115621.0,6.21438848057671,189
134,2020-06-04,6636446.0,409538.0,4200960.0,135565.0,6.17104395937223,189
135,2020-06-05,6776515.0,415020.0,4289492.0,140069.0,6.124386945207087,189
136,2020-06-06,6898299.0,419222.0,4365753.0,121784.0,6.077179316234335,189
137,2020-06-07,7011224.0,422389.0,4442088.0,112925.0,6.024468766081357,189
138,2020-06-08,7120449.0,426849.0,4128049.0,109225.0,5.994692188652709,189
139,2020-06-09,7245568.0,432034.0,4178648.0,125119.0,5.962734736600361,189
140,2020-06-10,7365976.0,437139.0,4231423.0,120408.0,5.934569974162284,189
141,2020-06-11,7517320.0,442798.0,4309104.0,151344.0,5.890370504381881,189
142,2020-06-12,7635085.0,447244.0,4367708.0,117765.0,5.857747490695912,189
143,2020-06-13,7767718.0,451820.0,4431837.0,132633.0,5.816637524688718,189
144,2020-06-14,7901164.0,455437.0,4506351.0,133446.0,5.764176012547012,189
145,2020-06-15,8039650.0,459820.0,4569919.0,138486.0,5.719403207851088,189
146,2020-06-16,8181904.0,467005.0,4624697.0,142254.0,5.70777902062894,189
147,2020-06-17,8358676.0,472595.0,4716362.0,176772.0,5.6539456727357305,189
148,2020-06-18,8500263.0,477972.0,4783176.0,141587.0,5.62302601695971,189
149,2020-06-19,8681253.0,484431.0,4878750.0,180990.0,5.580196775741935,189
150,2020-06-20,8833228.0,488978.0,4894133.0,151975.0,5.5356660102060085,189
151,2020-06-21,8961774.0,493477.0,4991837.0,128546.0,5.506465572552934,189
152,2020-06-22,9108613.0,497541.0,5078021.0,146839.0,5.462313526768565,189
153,2020-06-23,9276475.0,503232.0,5150614.0,167862.0,5.42481923359897,189
154,2020-06-24,9444207.0,508683.0,5214922.0,167732.0,5.3861907092887735,189
155,2020-06-25,9624188.0,515631.0,5305763.0,179981.0,5.357657186247816,189
156,2020-06-26,9817608.0,520842.0,5406567.0,193420.0,5.305182280653291,189
157,2020-06-27,9993704.0,525626.0,5491125.0,176096.0,5.259571426169917,189
158,2020-06-28,10166657.0,529257.0,5582529.0,172953.0,5.2058115071650395,189
159,2020-06-29,10318975.0,533191.0,5427619.0,152318.0,5.167092661819609,189
160,2020-06-30,10502004.0,539223.0,5499735.0,183029.0,5.1344771912103635,189
161,2020-07-01,10716727.0,544598.0,5499369.0,214723.0,5.081756771447103,189
162,2020-07-02,10890020.0,550090.0,5551710.0,173293.0,5.051322219793903,189
163,2020-07-03,11096646.0,555484.0,5654042.0,206626.0,5.005872945753158,189
164,2020-07-04,11285420.0,560237.0,5756571.0,188774.0,4.964254764111571,189
165,2020-07-05,11471391.0,564090.0,5832948.0,185971.0,4.917363552510763,189
166,2020-07-06,11642071.0,568283.0,5894857.0,170680.0,4.88128787395301,189
167,2020-07-07,11849616.0,574727.0,5967424.0,207545.0,4.850174047834124,189
168,2020-07-08,12065020.0,580370.0,6038185.0,215404.0,4.810352572975428,189
169,2020-07-09,12287585.0,586209.0,6140288.0,222565.0,4.770742175944256,189
170,2020-07-10,12519365.0,591944.0,6243203.0,231780.0,4.728227030684065,189
171,2020-07-11,12734296.0,597196.0,6347329.0,214931.0,4.689666393807714,189
172,2020-07-12,12925657.0,601495.0,6439284.0,191361.0,4.653496530195718,189
173,2020-07-13,13123445.0,605941.0,6515666.0,197788.0,4.617240366382455,189
174,2020-07-14,13342314.0,611967.0,6606015.0,218869.0,4.586663153033274,189
175,2020-07-15,13572363.0,617900.0,6701636.0,230049.0,4.552633907595899,189
176,2020-07-16,13813908.0,624080.0,6811213.0,241545.0,4.517765718433915,189
177,2020-07-17,14059623.0,631010.0,6891703.0,245715.0,4.488100427728396,189
178,2020-07-18,14295840.0,637531.0,6980231.0,236217.0,4.459556066659951,189
179,2020-07-19,14508361.0,642402.0,7110637.0,212521.0,4.427805456453696,189
180,2020-07-20,14710887.0,645876.0,7196131.0,202526.0,4.390462655310995,189
181,2020-07-21,14959371.0,652607.0,7278949.0,248484.0,4.362529681227907,189
182,2020-07-22,15235033.0,660030.0,7404691.0,275662.0,4.33231749481606,189
183,2020-07-23,15514961.0,666728.0,7529358.0,279928.0,4.297323080605875,189
184,2020-07-24,15799983.0,673379.0,7608843.0,285022.0,4.261896990648661,189
185,2020-07-25,16047502.0,679521.0,7655867.0,247519.0,4.2344347425537014,189
186,2020-07-26,16253398.0,683609.0,7748003.0,205896.0,4.205945119906619,189
187,2020-07-27,16496754.0,689165.0,7832535.0,243356.0,4.177579419563388,189
188,2020-07-28,16712867.0,695376.0,7926247.0,216113.0,4.160722394308529,189
189,2020-07-29,17032016.0,702810.0,8054517.0,319149.0,4.1264052358804735,189
190,2020-07-30,17312741.0,709729.0,8143244.0,280725.0,4.0994606226708985,189
191,2020-07-31,17601914.0,716444.0,8251543.0,289173.0,4.070261904472434,189
192,2020-08-01,17848794.0,722535.0,8343384.0,246880.0,4.04808862716439,189
193,2020-08-02,18080217.0,727204.0,8445551.0,231423.0,4.022097743627745,189
194,2020-08-03,18286715.0,732014.0,8474317.0,206498.0,4.002982493028409,189
195,2020-08-04,18552553.0,739285.0,8520170.0,265838.0,3.9848154590907248,189
196,2020-08-05,18827670.0,746735.0,8621087.0,275117.0,3.966157256845908,189
197,2020-08-06,19114124.0,754188.0,8731603.0,286454.0,3.9457105122892373,189
198,2020-08-07,19397730.0,761023.0,8845943.0,283606.0,3.923258030707717,189
199,2020-08-08,19662969.0,767079.0,8923903.0,265239.0,3.901135174448986,189
200,2020-08-09,19897401.0,772253.0,8986626.0,234432.0,3.881175234896256,189
201,2020-08-10,20132532.0,777548.0,9055091.0,235131.0,3.862147096053293,189
202,2020-08-11,20396218.0,784164.0,9054979.0,263686.0,3.844653945157872,189
203,2020-08-12,20681629.0,791490.0,9140422.0,285411.0,3.827019622100367,189
204,2020-08-13,20960660.0,798051.0,9270017.0,279031.0,3.8073753402803154,189
205,2020-08-14,21267149.0,804621.0,9388632.0,306489.0,3.7833985175916154,189
206,2020-08-15,21518141.0,810637.0,9422675.0,250992.0,3.7672259885275405,189
207,2020-08-16,21729338.0,815413.0,9421121.0,211197.0,3.7525901617435378,189
208,2020-08-17,21943236.0,814687.0,9455646.0,213898.0,3.712702173918195,189
209,2020-08-18,22202058.0,821730.0,9513320.0,258822.0,3.701143380492025,189
210,2020-08-19,22479213.0,828756.0,9594297.0,277155.0,3.6867660802893765,189
211,2020-08-20,22749597.0,835203.0,9677884.0,270384.0,3.671287012249052,189
212,2020-08-21,23013268.0,840950.0,9783502.0,263671.0,3.654196353164618,189
213,2020-08-22,23264366.0,846371.0,9854407.0,251098.0,3.6380574480301764,189
214,2020-08-23,23478983.0,851076.0,9871418.0,214617.0,3.6248418425959934,189
215,2020-08-24,23708692.0,855901.0,9914719.0,229709.0,3.6100726265287006,189
216,2020-08-25,23953317.0,862472.0,9969564.0,244625.0,3.6006370224215707,189
217,2020-08-26,24233503.0,869028.0,10048179.0,280186.0,3.586060174626838,189
218,2020-08-27,24517279.0,875264.0,10139257.0,283776.0,3.569988333534076,189
219,2020-08-28,24802292.0,881115.0,10243531.0,285013.0,3.5525547396990564,189
220,2020-08-29,25063869.0,886937.0,10323469.0,261577.0,3.538707451750566,189
221,2020-08-30,25282491.0,891194.0,10352377.0,218622.0,3.5249453861172144,189
222,2020-08-31,25550209.0,895562.0,10449233.0,267718.0,3.5051063574470174,189
223,2020-09-01,25817423.0,902172.0,10488562.0,267214.0,3.4944308732904905,189
224,2020-09-02,26098721.0,908464.0,10583044.0,281298.0,3.4808755570818968,189
225,2020-09-03,26376899.0,914566.0,10665486.0,278178.0,3.467299169625664,189
226,2020-09-04,26670087.0,920163.0,10796380.0,293188.0,3.4501687227342,189
227,2020-09-05,26943182.0,925295.0,10880135.0,273095.0,3.43424544287308,189
228,2020-09-06,27181497.0,929684.0,10915156.0,238315.0,3.4202825547099196,189
229,2020-09-07,27395178.0,939082.0,10966143.0,213681.0,3.427909831430918,189
230,2020-09-08,27637958.0,944208.0,11024912.0,242780.0,3.4163450136222075,189
231,2020-09-09,27931900.0,950696.0,11102888.0,293942.0,3.403620949523663,189
232,2020-09-10,28234006.0,956706.0,11195023.0,302106.0,3.3884883356616133,189
233,2020-09-11,28550649.0,962703.0,11309087.0,316643.0,3.371912841631026,189
234,2020-09-12,28839420.0,967759.0,11399957.0,288771.0,3.3556812168899373,189
235,2020-09-13,29087574.0,971705.0,11468268.0,248154.0,3.340618918580147,189
236,2020-09-14,29271764.0,975240.0,11524721.0,184190.0,3.3316748522569393,189
237,2020-09-15,29635474.0,982884.0,11609535.0,363710.0,3.316579313021955,189
238,2020-09-16,29939951.0,988760.0,11715757.0,304477.0,3.302477014741941,189
239,2020-09-17,30254286.0,994403.0,11833356.0,314335.0,3.286816948844868,189
240,2020-09-18,30582398.0,1000264.0,11918623.0,328112.0,3.270718012367768,189
241,2020-09-19,30874280.0,1005576.0,11990732.0,291882.0,3.2570022685549267,189
242,2020-09-20,31130860.0,1009533.0,12029957.0,256580.0,3.242868973102574,189
243,2020-09-21,31391394.0,1013943.0,12080210.0,260534.0,3.2300031021241042,189
244,2020-09-22,31674982.0,1020158.0,12172501.0,283588.0,3.2207058554918833,189
245,2020-09-23,31985747.0,1026660.0,12230212.0,310765.0,3.2097421392096925,189
246,2020-09-24,32306427.0,1032333.0,12361880.0,320680.0,3.195441575758285,189
247,2020-09-25,32641821.0,1038346.0,12469881.0,335394.0,3.1810296367963047,189
248,2020-09-26,32925894.0,1043777.0,12536299.0,284073.0,3.1700794517530793,189
249,2020-09-27,33176964.0,1047610.0,12589591.0,251070.0,3.1576427547740655,189
250,2020-09-28,33437913.0,1051683.0,12650029.0,260949.0,3.145181339517212,189
251,2020-09-29,33720457.0,1057797.0,12712925.0,282544.0,3.1369592648166065,189
252,2020-09-30,34045181.0,1064258.0,12816927.0,324724.0,3.1260165719195325,189
253,2020-10-01,34358159.0,1073013.0,12941553.0,312978.0,3.1230223947680082,189
254,2020-10-02,34695135.0,1078834.0,13074694.0,336976.0,3.1094676530297405,189
255,2020-10-03,34977285.0,1083579.0,13175723.0,282150.0,3.0979505699198784,189
256,2020-10-04,35250556.0,1087593.0,13230906.0,273271.0,3.0853215478360116,189
257,2020-10-05,35559025.0,1094656.0,13310370.0,308469.0,3.078419613586143,189
258,2020-10-06,35878525.0,1100502.0,13428338.0,319500.0,3.0673000074557133,189
259,2020-10-07,36226214.0,1106400.0,13575508.0,347689.0,3.0541419536692405,189
260,2020-10-08,36585959.0,1112705.0,13737380.0,359745.0,3.041344358364366,189
261,2020-10-09,36946302.0,1118930.0,13906611.0,360343.0,3.0285304331675738,189
262,2020-10-10,37300641.0,1123820.0,14089875.0,354339.0,3.012870475871983,189
263,2020-10-11,37587971.0,1127919.0,14175335.0,287330.0,3.0007445733104348,189
264,2020-10-12,37882177.0,1131971.0,14293496.0,294204.0,2.988136083097864,190
265,2020-10-13,38202211.0,1137406.0,14439312.0,320034.0,2.9773302911708437,190
266,2020-10-14,38583052.0,1143591.0,14639539.0,380841.0,2.963972367971305,190
267,2020-10-15,38991697.0,1149768.0,14861383.0,408645.0,2.948750858419935,190
268,2020-10-16,39401396.0,1155967.0,15103937.0,409699.0,2.933822446290989,190
269,2020-10-17,39770153.0,1161628.0,15292780.0,368757.0,2.9208537367206002,190
270,2020-10-18,40100413.0,1165455.0,15418231.0,330260.0,2.906341637927769,190
271,2020-10-19,40478974.0,1170176.0,15645423.0,378561.0,2.8908242585397548,190
272,2020-10-20,40868806.0,1176817.0,15846783.0,389832.0,2.87949934235906,190
273,2020-10-21,41311407.0,1183684.0,16101109.0,442601.0,2.865271570150104,190
274,2020-10-22,41786142.0,1189588.0,16378882.0,474735.0,2.8468481249118427,190
275,2020-10-23,42293429.0,1196671.0,16694662.0,507287.0,2.8294489907640266,190
276,2020-10-24,42741335.0,1202482.0,16968381.0,447906.0,2.8133936387340266,190
277,2020-10-25,43139404.0,1206692.0,17185936.0,398069.0,2.7971920984351106,190
278,2020-10-26,43581170.0,1212313.0,17426677.0,441766.0,2.7817357817607924,190
279,2020-10-27,44052784.0,1219775.0,17328508.0,471614.0,2.7688942428700987,190
280,2020-10-28,44577903.0,1227030.0,17613811.0,525117.0,2.752552088419233,191
281,2020-10-29,45117450.0,1234200.0,17946344.0,539547.0,2.735526941349744,191
282,2020-10-30,45686947.0,1242159.0,19129334.0,569497.0,2.7188487775293892,191
283,2020-10-31,46167130.0,1248771.0,18518167.0,480183.0,2.704891987004607,191
284,2020-11-01,46609705.0,1253922.0,18748051.0,442575.0,2.6902594642038604,191
285,2020-11-02,47111939.0,1259746.0,19316998.0,502234.0,2.6739421614550825,191
286,2020-11-03,47630796.0,1268852.0,19304165.0,518857.0,2.663931965361234,191
287,2020-11-04,48225129.0,1279432.0,19653469.0,594333.0,2.6530400779228605,191
288,2020-11-05,48844761.0,1288152.0,19982670.0,619632.0,2.637236775505975,191
289,2020-11-06,49466189.0,1297279.0,20359110.0,621428.0,2.6225569954459194,191
290,2020-11-07,50060200.0,1304987.0,20695854.0,594011.0,2.606835370214262,191
291,2020-11-08,50547442.0,1311071.0,20958817.0,487242.0,2.5937435172288246,191
292,2020-11-09,51017913.0,1318242.0,21207526.0,470471.0,2.583880685201686,191
293,2020-11-10,51600529.0,1328381.0,21543270.0,582615.0,2.57435539081392,192
294,2020-11-11,52226976.0,1338923.0,21838800.0,626447.0,2.5636617368005377,192
295,2020-11-12,52870938.0,1348875.0,23047147.0,643962.0,2.5512598244426834,192
296,2020-11-13,53530659.0,1358634.0,23448226.0,659721.0,2.538048336001244,192
297,2020-11-14,54111152.0,1367686.0,23821052.0,580493.0,2.5275492194289266,192
298,2020-11-15,54587468.0,1374282.0,24082130.0,476316.0,2.5175778440575405,192
299,2020-11-16,55116802.0,1382201.0,24295831.0,529334.0,2.507767050780631,192
300,2020-11-17,55727939.0,1393360.0,24516785.0,611137.0,2.500289845637392,192
301,2020-11-18,56354833.0,1404745.0,24831213.0,626894.0,2.4926788444213828,192
302,2020-11-19,57009451.0,1415903.0,25168868.0,654618.0,2.4836285478349898,192
303,2020-11-20,57682081.0,1427663.0,25526115.0,672630.0,2.475054601445464,192
304,2020-11-21,58269756.0,1436684.0,25843027.0,587675.0,2.465574079287375,192
305,2020-11-22,58756674.0,1444105.0,26061589.0,486918.0,2.4577718609463837,192
306,2020-11-23,59292354.0,1452635.0,26276524.0,535680.0,2.449953327877655,192
307,2020-11-24,59884324.0,1465454.0,26558075.0,591970.0,2.4471412585370422,192
308,2020-11-25,60515364.0,1477474.0,26895430.0,631040.0,2.4414857688041005,192
309,2020-11-26,61106064.0,1488486.0,27150130.0,590700.0,2.435905542860689,192
310,2020-11-27,61798866.0,1499939.0,27521242.0,692802.0,2.427130297180534,192
311,2020-11-28,62400062.0,1509186.0,27824383.0,601196.0,2.4185649046310242,192
312,2020-11-29,62883393.0,1516479.0,28040053.0,483331.0,2.4115731159735607,192
313,2020-11-30,63391490.0,1525409.0,28223036.0,508097.0,2.406330881321767,192
314,2020-12-01,64014469.0,1538249.0,28437115.0,622979.0,2.4029708033663453,192
315,2020-12-02,64660692.0,1550795.0,28722895.0,646223.0,2.3983581864542987,192
316,2020-12-03,65352621.0,1563374.0,29071123.0,691929.0,2.3922131600506122,192
317,2020-12-04,66040575.0,1575817.0,29336614.0,687954.0,2.3861345846852484,192
318,2020-12-05,66688854.0,1586144.0,29651887.0,648279.0,2.378424436563267,192
319,2020-12-06,67225312.0,1593853.0,29924164.0,536458.0,2.3709120159977837,192
320,2020-12-07,67753810.0,1602564.0,30115421.0,528498.0,2.3652751040863977,192
321,2020-12-08,68396387.0,1614979.0,30396322.0,642577.0,2.3612051320781022,192
322,2020-12-09,69069032.0,1627523.0,30742054.0,672645.0,2.3563715211760896,192
323,2020-12-10,70572288.0,1640186.0,31845384.0,1503256.0,2.3241218989527446,192
324,2020-12-11,71279185.0,1653250.0,32223212.0,706897.0,2.319400818064909,192
325,2020-12-12,71919691.0,1663971.0,31470208.0,640506.0,2.313651486628328,192
326,2020-12-13,72455174.0,1671759.0,31655744.0,535483.0,2.3073010631373267,192
327,2020-12-14,73000563.0,1680922.0,31881618.0,545389.0,2.302615118187513,192
328,2020-12-15,73659360.0,1694813.0,32174401.0,658797.0,2.300879345136857,192
329,2020-12-16,74382985.0,1708525.0,32541755.0,723625.0,2.296929869109179,192
330,2020-12-17,75125135.0,1721886.0,32902914.0,742150.0,2.29202383463271,192
331,2020-12-18,75848565.0,1734789.0,33306431.0,723430.0,2.2871744508284366,192
332,2020-12-19,76467316.0,1745738.0,33579800.0,618751.0,2.2829858445665856,192
333,2020-12-20,77006775.0,1753821.0,33834002.0,539459.0,2.277489220915952,192
334,2020-12-21,77560878.0,1763370.0,34033000.0,554103.0,2.273530219706899,192
335,2020-12-22,78225844.0,1777723.0,34330122.0,664966.0,2.272552022577091,192
336,2020-12-23,78917818.0,1791367.0,34697387.0,691974.0,2.269914507773137,192
337,2020-12-24,79606397.0,1803194.0,35065320.0,688579.0,2.2651370592742692,192
338,2020-12-25,80095356.0,1811878.0,35255815.0,488959.0,2.262151128961834,192
339,2020-12-26,80611326.0,1819419.0,35357479.0,515970.0,2.257026512626774,192
340,2020-12-27,81024352.0,1827133.0,35499520.0,413026.0,2.2550417928674085,192
341,2020-12-28,81526315.0,1836809.0,35693387.0,501963.0,2.2530259094870164,192
342,2020-12-29,82197186.0,1852099.0,36009394.0,670871.0,2.2532389369144585,192
343,2020-12-30,82934876.0,1867523.0,36358163.0,737690.0,2.2517945285165677,192
344,2020-12-31,83763885.0,1880770.0,36835106.0,829009.0,2.2453232678976147,192
345,2021-01-01,84335046.0,1890442.0,37140072.0,571161.0,2.2415853072517447,192
346,2021-01-02,84926616.0,1898905.0,37442941.0,591570.0,2.2359362581926026,192
347,2021-01-03,85449369.0,1906523.0,37704288.0,522753.0,2.2311727076650505,192
348,2021-01-04,86008797.0,1916581.0,37961828.0,559428.0,2.2283546181909744,192
349,2021-01-05,86752768.0,1932024.0,38383946.0,743971.0,2.2270459427876697,192
350,2021-01-06,87546602.0,1947118.0,38855966.0,793834.0,2.224093174969829,192
351,2021-01-07,88438810.0,1962246.0,39417173.0,892208.0,2.2187611977139903,192
352,2021-01-08,89264354.0,1977636.0,39931106.0,825544.0,2.215482341361032,192
353,2021-01-09,90020190.0,1990452.0,40360771.0,755836.0,2.2111173060176834,192
354,2021-01-10,90609659.0,1999240.0,40681195.0,589469.0,2.2064314357479264,192
355,2021-01-11,91223932.0,2009295.0,41007709.0,614273.0,2.2025963537726043,192
356,2021-01-12,91927117.0,2026675.0,41358222.0,703185.0,2.204654150091534,192
357,2021-01-13,92677327.0,2043322.0,41734641.0,750210.0,2.2047701052059905,192
358,2021-01-14,93434245.0,2058818.0,42120828.0,756918.0,2.203494018708023,192
359,2021-01-15,94208499.0,2073865.0,42574692.0,774254.0,2.2013565888572324,192
360,2021-01-16,94860108.0,2087587.0,42904176.0,651609.0,2.2007006359301213,192
361,2021-01-17,95389459.0,2096687.0,43119109.0,529351.0,2.1980279812678254,192
362,2021-01-18,95909472.0,2106428.0,43325732.0,520013.0,2.1962669130323227,192
363,2021-01-19,96499498.0,2123308.0,43520155.0,590026.0,2.2003306172639365,192
364,2021-01-20,97200386.0,2141101.0,43889646.0,700888.0,2.202770058958408,192
365,2021-01-21,97856879.0,2158240.0,44168150.0,656492.0,2.20550667674574,193
366,2021-01-22,98521326.0,2174362.0,44458169.0,664447.0,2.2069962801759284,193
367,2021-01-23,99095342.0,2188281.0,44725717.0,574016.0,2.2082581843251523,193
368,2021-01-24,99557884.0,2197486.0,44883883.0,462542.0,2.20724458145374,193
369,2021-01-25,100039161.0,2208531.0,45069878.0,481277.0,2.207666455739268,193
370,2021-01-26,100601233.0,2225973.0,45300586.0,562072.0,2.212669699585094,193
371,2021-01-27,101205722.0,2243354.0,45561447.0,604489.0,2.2166276329711874,193
372,2021-01-28,101816339.0,2260402.0,45861102.0,610617.0,2.220077859998482,193
373,2021-01-29,102408057.0,2275833.0,46088188.0,591718.0,2.222318308412003,193
374,2021-01-30,102928182.0,2289386.0,46268332.0,520125.0,2.2242557436796075,193
375,2021-01-31,103316392.0,2298161.0,46377055.0,388210.0,2.224391459585619,193
376,2021-02-01,103759735.0,2308540.0,46556427.0,443343.0,2.2248900308004833,193
377,2021-02-02,104226052.0,2323978.0,46666801.0,466317.0,2.2297477026185355,193
378,2021-02-03,104752236.0,2340032.0,46865604.0,526184.0,2.2338730793297814,193
379,2021-02-04,105223274.0,2353066.0,47036423.0,471038.0,2.236260012209846,193
380,2021-02-05,105759262.0,2370258.0,47296442.0,535988.0,2.2411824318516893,193
381,2021-02-06,106192988.0,2381687.0,47400202.0,433726.0,2.2427912095288254,193
382,2021-02-07,106546114.0,2388985.0,47530264.0,353126.0,2.2422075384185294,193
383,2021-02-08,106886411.0,2398403.0,47619543.0,340297.0,2.243880187912755,193
384,2021-02-09,107293095.0,2413856.0,47683746.0,406684.0,2.2497775835434703,193
385,2021-02-10,107733903.0,2427907.0,47853513.0,440808.0,2.2536146304845186,193
386,2021-02-11,108177428.0,2441682.0,48017068.0,443525.0,2.257108571669868,193
387,2021-02-12,108607441.0,2454722.0,48175150.0,430013.0,2.260178471565314,193
388,2021-02-13,108988279.0,2465146.0,48303906.0,380838.0,2.26184505583394,193
389,2021-02-14,109296355.0,2471781.0,48413503.0,308076.0,2.2615401950046734,193
390,2021-02-15,109577468.0,2479264.0,48423612.0,281113.0,2.262567337292371,193
391,2021-02-16,109938232.0,2490646.0,48535183.0,360764.0,2.2654957740270008,193
392,2021-02-17,110325183.0,2502609.0,48640837.0,386951.0,2.268393246172997,193
393,2021-02-18,110735503.0,2514561.0,48807415.0,410320.0,2.270781214584811,193
394,2021-02-19,111145626.0,2526276.0,48979420.0,410123.0,2.2729423468270356,193
395,2021-02-20,111519262.0,2535034.0,49099163.0,373636.0,2.2731803946120084,193
396,2021-02-21,111837997.0,2541553.0,49207093.0,318735.0,2.272530864443146,193
397,2021-02-22,112133207.0,2548929.0,49320877.0,295210.0,2.27312592602475,193
398,2021-02-23,112527260.0,2560606.0,49434230.0,394053.0,2.2755428329099985,193
399,2021-02-24,112974060.0,2573131.0,49674611.0,446800.0,2.2776299267283124,193
400,2021-02-25,113426929.0,2583798.0,49892603.0,452869.0,2.2779405409098223,193
401,2021-02-26,113869286.0,2594599.0,50088369.0,442357.0,2.278576683092577,193
402,2021-02-27,114265268.0,2603098.0,50235347.0,395982.0,2.2781183167574595,193
403,2021-02-28,114573758.0,2609376.0,50366855.0,308490.0,2.2774639197921744,193
404,2021-03-01,114879317.0,2617082.0,50455806.0,305559.0,2.27811417089118,193
405,2021-03-02,115192993.0,2627501.0,50511629.0,313676.0,2.2809555786088485,193
406,2021-03-03,115638022.0,2639276.0,50726042.0,445029.0,2.2823600355253397,193
407,2021-03-04,116095621.0,2649686.0,50933191.0,457599.0,2.2823307004835267,193
408,2021-03-05,116543774.0,2660215.0,51145477.0,448153.0,2.282588686376331,193
409,2021-03-06,116958088.0,2668300.0,51340873.0,414314.0,2.281415544344398,193
410,2021-03-07,117331911.0,2674199.0,22861969.0,373823.0,2.2791745035159274,193
411,2021-03-08,117635602.0,2681451.0,22855899.0,303691.0,2.2794553301984206,193
412,2021-03-09,118051297.0,2692052.0,22953246.0,415695.0,2.280408659974316,193
413,2021-03-10,118521591.0,2702282.0,23133495.0,470294.0,2.2799913308622393,193
414,2021-03-11,119001476.0,2712462.0,23280136.0,479885.0,2.2793515603117394,193
415,2021-03-12,119491058.0,2722354.0,23445159.0,489582.0,2.2782909830792524,193
416,2021-03-13,119944073.0,2730748.0,23599818.0,453015.0,2.2766844010708223,193
417,2021-03-14,120307903.0,2736601.0,23684397.0,363830.0,2.2746643668122117,193
418,2021-03-15,120663343.0,2744277.0,23692929.0,355440.0,2.2743253516521587,193
419,2021-03-16,121131738.0,2754919.0,23835133.0,468395.0,2.2743164140846392,193
420,2021-03-17,121682252.0,2765517.0,24077256.0,550514.0,2.272736536795851,193
421,2021-03-18,122228217.0,2776241.0,24295143.0,545965.0,2.2713585030860757,193
422,2021-03-19,122789919.0,2787061.0,24514707.0,561702.0,2.2697799808793753,193
423,2021-03-20,123286649.0,2795727.0,24696717.0,496730.0,2.2676640355437025,193
424,2021-03-21,123722879.0,2804196.0,24840793.0,436230.0,2.2665136979232434,193
425,2021-03-22,124145462.0,2812241.0,24875213.0,422583.0,2.2652789354475154,193
426,2021-03-23,124663845.0,2823707.0,25025198.0,518383.0,2.2650568815681886,193
427,2021-03-24,125300552.0,2834441.0,25241742.0,636707.0,2.2621137375356493,193
428,2021-03-25,125952184.0,2845960.0,25517917.0,651632.0,2.259555896228048,193
429,2021-03-26,126589859.0,2858711.0,25715674.0,637675.0,2.2582464524271253,193
430,2021-03-27,127172562.0,2868846.0,25948839.0,582703.0,2.255868683372125,193
431,2021-03-28,127649770.0,2876056.0,26046194.0,477208.0,2.253083573906949,193
432,2021-03-29,128111183.0,2884821.0,26142064.0,461413.0,2.2518104449944856,193
433,2021-03-30,128683050.0,2896828.0,26311199.0,571867.0,2.251134084869763,193
434,2021-03-31,129367848.0,2909717.0,26547683.0,684798.0,2.2491809556884643,193
435,2021-04-01,130076413.0,2922058.0,26834374.0,708565.0,2.2464164967402662,193
436,2021-04-02,130713245.0,2932590.0,27093867.0,636832.0,2.2435293378264767,193
437,2021-04-03,131240559.0,2941861.0,27191829.0,527314.0,2.2415791447520426,193
438,2021-04-04,131798614.0,2949190.0,27364584.0,558055.0,2.237648720645879,193
439,2021-04-05,132294382.0,2957435.0,27442639.0,495768.0,2.235495532984915,193
440,2021-04-06,132899417.0,2969920.0,27608546.0,605035.0,2.2347125871891524,193
441,2021-04-07,133582298.0,2985483.0,27735954.0,682881.0,2.2349390935017452,193
442,2021-04-08,134425457.0,2999815.0,28099770.0,843159.0,2.2315825193735437,193
443,2021-04-09,135171121.0,3014126.0,28322652.0,745664.0,2.229859438688831,193
444,2021-04-10,135834695.0,3026951.0,28537016.0,663574.0,2.228407845285772,193
445,2021-04-11,136529531.0,3036014.0,28647006.0,694836.0,2.223704994635922,193
446,2021-04-12,137143917.0,3046087.0,28803657.0,614386.0,2.2210879393214356,193
447,2021-04-13,137928006.0,3059925.0,29017458.0,784089.0,2.2184943353708744,193
448,2021-04-14,138745286.0,3073959.0,29308108.0,817280.0,2.215541218459847,193
449,2021-04-15,139560622.0,3087555.0,29604911.0,815336.0,2.2123396669871536,193
450,2021-04-16,140417711.0,3100890.0,29878128.0,857089.0,2.208332537196821,193
451,2021-04-17,141207359.0,3113342.0,30093777.0,789648.0,2.2048015217110604,193
452,2021-04-18,141890624.0,3122447.0,30159821.0,683265.0,2.2006013589735147,193
453,2021-04-19,142586301.0,3133763.0,30258451.0,695677.0,2.1978008953328554,193
454,2021-04-20,143445032.0,3148106.0,30448236.0,858731.0,2.194642753469496,193
455,2021-04-21,144331312.0,3162771.0,30752576.0,886280.0,2.1913269935493966,193
456,2021-04-22,145233880.0,3176673.0,30946943.0,902568.0,2.1872809567574727,193
457,2021-04-23,146139119.0,3191975.0,31144351.0,905239.0,2.1842029853758733,193
458,2021-04-24,146954388.0,3204939.0,31345903.0,815269.0,2.1809073166294293,193
459,2021-04-25,147680751.0,3215617.0,31497217.0,726363.0,2.1774110560962683,193
460,2021-04-26,148363668.0,3227480.0,31465553.0,682917.0,2.175384340052849,193
461,2021-04-27,149214353.0,3242469.0,31574021.0,850685.0,2.173027550506485,193
462,2021-04-28,150120246.0,3258392.0,31823431.0,905893.0,2.170521356593034,193
463,2021-04-29,151016485.0,3274165.0,31942423.0,896239.0,2.1680844975301867,193
464,2021-04-30,151900513.0,3288505.0,32083413.0,884028.0,2.16490710600826,193
465,2021-05-01,152692178.0,3301406.0,32148478.0,791665.0,2.1621317105058258,193
466,2021-05-02,153368157.0,3311692.0,32099622.0,675979.0,2.1593087279519176,193
467,2021-05-03,154059127.0,3323559.0,32088606.0,690970.0,2.1573269073503187,193
468,2021-05-04,154861284.0,3337653.0,32191676.0,802157.0,2.1552533427270304,193
469,2021-05-05,155707270.0,3352521.0,32269531.0,845986.0,2.15309214528005,193
470,2021-05-06,156576280.0,3367173.0,32412163.0,869010.0,2.150500062972501,193
471,2021-05-07,157407787.0,3381655.0,32489618.0,831507.0,2.1483403486258275,193
472,2021-05-08,158193986.0,3394854.0,32535404.0,786199.0,2.1460069916943616,193
473,2021-05-09,158830717.0,3405210.0,32490819.0,636731.0,2.143924087429512,193
474,2021-05-10,159458922.0,3416509.0,32442981.0,628205.0,2.142563713054576,193
475,2021-05-11,160196895.0,3430685.0,32387673.0,737973.0,2.1415427558692697,193
476,2021-05-12,160956807.0,3444649.0,32458809.0,759912.0,2.140107687399639,193
477,2021-05-13,161688448.0,3458259.0,32445313.0,731641.0,2.1388411125079263,193
478,2021-05-14,162399057.0,3471266.0,32459119.0,710609.0,2.1374914757048127,193
479,2021-05-15,163029507.0,3483436.0,32406704.0,630450.0,2.1366905071975713,193
480,2021-05-16,163575909.0,3493705.0,32274517.0,546402.0,2.1358310165343477,193
481,2021-05-17,164118291.0,3505164.0,32032341.0,542382.0,2.1357546307864004,193
482,2021-05-18,164741685.0,3519312.0,31882085.0,623394.0,2.136260776985497,193
483,2021-05-19,165415144.0,3532747.0,31819375.0,673459.0,2.1356853517595704,193
484,2021-05-20,165696551.0,3545916.0,31427297.0,281407.0,2.140005919616275,193
485,2021-05-21,166323096.0,3558856.0,31404707.0,626545.0,2.139724479395213,193
486,2021-05-22,166894277.0,3570209.0,31343668.0,571181.0,2.1392039704273382,193
487,2021-05-23,167374288.0,3579990.0,31303686.0,480011.0,2.1389127582128986,193
488,2021-05-24,167824573.0,3589109.0,31101758.0,450285.0,2.13860755659423,193
489,2021-05-25,168359449.0,3602342.0,31029035.0,534876.0,2.139673194107448,193
490,2021-05-26,168928876.0,3615146.0,31015877.0,569427.0,2.140040285356543,193
491,2021-05-27,169477894.0,3628009.0,30841536.0,549018.0,2.1406974764508226,193
492,2021-05-28,169982921.0,3640002.0,30760671.0,505027.0,2.141392781454791,193
493,2021-05-29,170461970.0,3650714.0,30718165.0,479049.0,2.1416589283815037,193
494,2021-05-30,170851965.0,3659071.0,30606356.0,389995.0,2.1416616425804644,193
495,2021-05-31,171239098.0,3667874.0,30451563.0,387133.0,2.141960593602286,193
496,2021-06-01,171701304.0,3683119.0,30296365.0,462206.0,2.145073400257927,193
497,2021-06-02,172187713.0,3695027.0,30346476.0,486409.0,2.145929541441787,193
498,2021-06-03,172669088.0,3705117.0,30274930.0,481375.0,2.145790565593304,193
499,2021-06-04,173094733.0,3715814.0,30143805.0,425645.0,2.1466938569413316,193
500,2021-06-05,173490495.0,3725176.0,30041781.0,395762.0,2.1471931358545033,193
501,2021-06-06,173814668.0,3732408.0,29912345.0,324173.0,2.1473492674392705,193
502,2021-06-07,174137076.0,3740587.0,29808813.0,322408.0,2.148070408624525,193
503,2021-06-08,174506967.0,3751226.0,29750267.0,369891.0,2.1496138890546415,193
504,2021-06-09,174925580.0,3761392.0,29688923.0,418613.0,2.150281279616166,193
505,2021-06-10,175379007.0,3777387.0,29701642.0,453427.0,2.1538421642448915,193
506,2021-06-11,175801330.0,3789158.0,29717135.0,422323.0,2.155363671025697,193
507,2021-06-12,176169539.0,3798865.0,29737069.0,368209.0,2.1563688147018425,193
508,2021-06-13,176472172.0,3808123.0,29600312.0,302633.0,2.1579170000808965,193
509,2021-06-14,176781796.0,3816179.0,29548372.0,309624.0,2.158694552463988,193
510,2021-06-15,177159650.0,3826984.0,29445342.0,377854.0,2.1601894110763937,193
511,2021-06-16,177548822.0,3837021.0,29474270.0,389172.0,2.161107551589388,193
512,2021-06-17,177944793.0,3846323.0,29479298.0,395971.0,2.1615260189153163,193
513,2021-06-18,178348210.0,3855533.0,29539299.0,403417.0,2.1618007828617958,193
514,2021-06-19,178693781.0,3863617.0,29540425.0,345571.0,2.162144075959756,193
515,2021-06-20,178996923.0,3870352.0,29571596.0,303142.0,2.162244990099634,193
516,2021-06-21,179296186.0,3877416.0,29494675.0,299263.0,2.1625758397337016,193
517,2021-06-22,179704257.0,3886387.0,29546424.0,408071.0,2.162657170664577,193
518,2021-06-23,180103689.0,3895793.0,29578364.0,399432.0,2.1630834002517294,193
519,2021-06-24,180512284.0,3904419.0,29674324.0,408595.0,2.162965817883064,193
520,2021-06-25,180930069.0,3913656.0,29737907.0,417785.0,2.1630766083441886,193
521,2021-06-26,181293240.0,3921134.0,29795922.0,363171.0,2.162868290069724,193
522,2021-06-27,181603217.0,3927214.0,29841705.0,309977.0,2.1625244667334282,193
523,2021-06-28,181934935.0,3933807.0,29825698.0,331718.0,2.162205406015068,193
524,2021-06-29,182315875.0,3941980.0,29900758.0,380940.0,2.162170463762412,193
525,2021-06-30,182715042.0,3951185.0,29996336.0,399167.0,2.1624847942185297,193
526,2021-07-01,183152626.0,3959755.0,29990058.0,437584.0,2.161997393365247,193
527,2021-07-02,183592618.0,3968054.0,30106682.0,439992.0,2.161336356127347,193
528,2021-07-03,183968933.0,3974967.0,30205485.0,376315.0,2.1606729653642116,193
529,2021-07-04,184295405.0,3981579.0,30230249.0,326472.0,2.1604331372233614,193
530,2021-07-05,184670086.0,3988964.0,30250482.0,374681.0,2.16004881267018,193
531,2021-07-06,185122047.0,3997479.0,30348843.0,451961.0,2.159374890663347,193
532,2021-07-07,185583101.0,4005998.0,30517415.0,461054.0,2.1586006368112147,193
533,2021-07-08,186065634.0,4014928.0,30681835.0,482533.0,2.1578020151749246,193
534,2021-07-09,186573963.0,4023289.0,30826892.0,508329.0,2.1564043210037833,193
535,2021-07-10,186997947.0,4029868.0,30801264.0,423984.0,2.155033284937615,193
536,2021-07-11,187367054.0,4037471.0,30895936.0,369107.0,2.15484574998975,193
537,2021-07-12,187802354.0,4045558.0,30955338.0,435300.0,2.1541572370280297,193
538,2021-07-13,188325816.0,4053945.0,31163154.0,523462.0,2.1526230901874865,193
539,2021-07-14,188863704.0,4062566.0,31340500.0,537888.0,2.1510570395251807,193
540,2021-07-15,189439285.0,4071164.0,31602435.0,575581.0,2.1490600537264486,193
541,2021-07-16,190034748.0,4079823.0,31732641.0,595463.0,2.1468826322226082,193
542,2021-07-17,190525039.0,4087321.0,31913626.0,490291.0,2.145293354329139,193
543,2021-07-18,190946977.0,4093955.0,32011536.0,421938.0,2.1440271348207833,193
544,2021-07-19,191434931.0,4101123.0,32153685.0,487954.0,2.1423065156274954,193
545,2021-07-20,191967251.0,4121837.0,32310906.0,532320.0,2.1471563397029634,193
546,2021-07-21,192524396.0,4130516.0,32513003.0,557145.0,2.145450699141526,193
547,2021-07-22,193089412.0,4139296.0,32666431.0,565016.0,2.1437198224002048,193
548,2021-07-23,193836067.0,4147921.0,33040286.0,746655.0,2.1399118668663455,193
549,2021-07-24,194250189.0,4156272.0,32923643.0,414122.0,2.13964888343043,193
550,2021-07-25,194697072.0,4163592.0,33017253.0,446883.0,2.138497491117894,193
551,2021-07-26,195234150.0,4171415.0,33183857.0,537078.0,2.1366215900240815,193
552,2021-07-27,195842652.0,4181246.0,33381492.0,608502.0,2.1350027470011996,193
553,2021-07-28,196489681.0,4191333.0,33623631.0,647029.0,2.133105911042728,193
554,2021-07-29,197135016.0,4202294.0,33849799.0,645335.0,2.1316831911789835,193
555,2021-07-30,197867275.0,4211856.0,34088992.0,732259.0,2.1286268788004485,193
556,2021-07-31,198384156.0,4220663.0,34266737.0,516881.0,2.1275202037807897,193
557,2021-08-01,198865239.0,4228022.0,34419807.0,481083.0,2.126073928888095,193
558,2021-08-02,199439225.0,4236083.0,34600817.0,573986.0,2.123996921869306,193
559,2021-08-03,200070348.0,4246458.0,34841719.0,631123.0,2.1224824380272485,193
560,2021-08-04,200751869.0,4256981.0,35108625.0,681521.0,2.1205187384830775,193
561,2021-08-05,201438395.0,4267957.0,217063.0,686526.0,2.11874057078344,193
562,2021-08-06,202256678.0,4278440.0,221398.0,818283.0,2.115351662208157,193
563,2021-08-07,202815482.0,4287075.0,224122.0,558804.0,2.1137809390705193,193
564,2021-08-08,203284619.0,4294520.0,225395.0,469137.0,2.112565141979581,193
565,2021-08-09,203904943.0,4303248.0,227232.0,620324.0,2.110418676804711,193
566,2021-08-10,204550112.0,4314862.0,230764.0,645169.0,2.109440057407546,193
567,2021-08-11,205278395.0,4325355.0,233360.0,728283.0,2.1070678188028507,193
568,2021-08-12,205987822.0,4335898.0,237023.0,709427.0,2.104929290431548,193
569,2021-08-13,206788731.0,4346301.0,241189.0,800909.0,2.101807472284358,193
570,2021-08-14,207339667.0,4354983.0,243944.0,550936.0,2.1004099519461463,193
571,2021-08-15,207805469.0,4362354.0,247263.0,465802.0,2.099248889354303,193
572,2021-08-16,208472189.0,4372131.0,249279.0,666720.0,2.0972250643945607,193
573,2021-08-17,209152621.0,4382889.0,252150.0,680432.0,2.095545816755507,193
574,2021-08-18,209887245.0,4393650.0,254487.0,734624.0,2.093338258835119,193
575,2021-08-19,210599777.0,4405202.0,255537.0,712532.0,2.0917410563070065,193
576,2021-08-20,211384519.0,4415690.0,257420.0,784742.0,2.088937269810189,193
577,2021-08-21,211937584.0,4424454.0,260883.0,553065.0,2.087621230975248,193
578,2021-08-22,212387484.0,4432208.0,262258.0,449900.0,2.0868499011928594,193
579,2021-08-23,213080073.0,4442323.0,260703.0,692589.0,2.0848139093701175,193
580,2021-08-24,213765887.0,4453384.0,262716.0,685814.0,2.083299661372069,193
581,2021-08-25,214498534.0,4464722.0,264295.0,732647.0,2.0814697036577416,193
582,2021-08-26,215237332.0,4476333.0,265844.0,738798.0,2.079719609235818,193
583,2021-08-27,215978371.0,4486631.0,265698.0,741039.0,2.07735199558478,193
584,2021-08-28,216535626.0,4495094.0,268551.0,557255.0,2.075914288579931,193
585,2021-08-29,216983550.0,4501808.0,268000.0,447924.0,2.074723176019565,193
586,2021-08-30,217652633.0,4511336.0,265716.0,669083.0,2.072722915325357,193
587,2021-08-31,218283049.0,4520516.0,267866.0,630416.0,2.070942302074954,193
588,2021-09-01,219008774.0,4532985.0,265277.0,725725.0,2.069773241139645,193
589,2021-09-02,219681719.0,4544218.0,262543.0,672945.0,2.0685462680670303,193
590,2021-09-03,220399590.0,4554900.0,259192.0,717871.0,2.066655387153851,193
591,2021-09-04,220890582.0,4562605.0,256305.0,490992.0,2.065549811444655,193
592,2021-09-05,221338691.0,4569116.0,255792.0,448109.0,2.0643096692028418,193
593,2021-09-06,221782695.0,4577146.0,252671.0,444004.0,2.0637976285751236,193
594,2021-09-07,222484341.0,4587613.0,252005.0,701646.0,2.0619936573423834,193
595,2021-09-08,223111310.0,4597655.0,248675.0,626969.0,2.0607001052523963,193
596,2021-09-09,223756137.0,4608504.0,242805.0,644827.0,2.059610101330986,193
597,2021-09-10,224394690.0,4617663.0,242164.0,638553.0,2.057830780220334,193
598,2021-09-11,224859663.0,4625993.0,239351.0,464973.0,2.057280055605171,193
599,2021-09-12,225230318.0,4631544.0,237277.0,370655.0,2.0563590377739462,193
600,2021-09-13,225816686.0,4640633.0,228124.0,586368.0,2.055044329186551,193
601,2021-09-14,226364712.0,4650549.0,225277.0,548026.0,2.054449635241733,193
602,2021-09-15,226936918.0,4661000.0,225590.0,572206.0,2.0538747247814477,193
603,2021-09-16,227515893.0,4671502.0,227120.0,578975.0,2.0532640328559375,193
604,2021-09-17,228135315.0,4680501.0,221339.0,619422.0,2.0516336981847814,193
605,2021-09-18,228657945.0,4686980.0,219359.0,522630.0,2.049777889852023,193
606,2021-09-19,229022164.0,4693042.0,210468.0,364219.0,2.0491649882410505,193
607,2021-09-20,229542037.0,4701230.0,207698.0,519873.0,2.048091086688405,193
608,2021-09-21,230022497.0,4710538.0,206473.0,480460.0,2.047859692610849,193
609,2021-09-22,230560241.0,4720464.0,201274.0,537744.0,2.0473885608056768,193
610,2021-09-23,231097647.0,4730226.0,0.0,537406.0,2.046851649683824,193
611,2021-09-24,231644074.0,4739010.0,0.0,546427.0,2.045815339959873,193
612,2021-09-25,232017527.0,4744432.0,0.0,373453.0,2.0448593092710623,193
613,2021-09-26,232370235.0,4749857.0,0.0,352708.0,2.0440901133486395,193
614,2021-09-27,232828144.0,4757547.0,0.0,457909.0,2.0433728149291093,193
615,2021-09-28,233280382.0,4766952.0,0.0,452238.0,2.043443155884407,193
616,2021-09-29,233779997.0,4776327.0,0.0,499615.0,2.043086261139784,193
617,2021-09-30,234260574.0,4785147.0,0.0,480577.0,2.0426599825542984,193
618,2021-10-01,234776637.0,4793745.0,0.0,516063.0,2.0418322117800844,193
619,2021-10-02,235126728.0,4799612.0,0.0,350091.0,2.041287284021577,193
620,2021-10-03,235436302.0,4803874.0,0.0,309574.0,2.0404134618118492,193
621,2021-10-04,235872345.0,4811051.0,0.0,436043.0,2.039684219869014,193
622,2021-10-05,236292065.0,4818476.0,0.0,419720.0,2.0392034747336947,193
623,2021-10-06,236796792.0,4827630.0,0.0,504727.0,2.038722720534153,193
624,2021-10-07,237240750.0,4836587.0,0.0,443958.0,2.0386830677276144,193
625,2021-10-08,237720790.0,4844165.0,0.0,480040.0,2.0377540390977162,193
626,2021-10-09,238058685.0,4848991.0,0.0,337895.0,2.0368889292990926,193
627,2021-10-10,238376112.0,4853656.0,0.0,317427.0,2.0361335535164695,193
628,2021-10-11,238751232.0,4859416.0,0.0,375120.0,2.035346984094306,193
629,2021-10-12,239189151.0,4867542.0,0.0,437919.0,2.035017884235059,193
630,2021-10-13,239640247.0,4876349.0,0.0,451096.0,2.034862282544718,193
631,2021-10-14,240086323.0,4884373.0,0.0,446076.0,2.0344236768539288,193
632,2021-10-15,240542481.0,4891607.0,0.0,456158.0,2.0335730219727797,193
633,2021-10-16,240882923.0,4896861.0,0.0,340442.0,2.032880097523559,193
634,2021-10-17,241196646.0,4901127.0,0.0,313723.0,2.032004624143903,193
635,2021-10-18,241608526.0,4907585.0,0.0,411880.0,2.0312135011328203,193
636,2021-10-19,242051182.0,4915860.0,0.0,442656.0,2.0309175767627528,193
637,2021-10-20,242522949.0,4924558.0,0.0,471767.0,2.0305534054841132,193
638,2021-10-21,242979079.0,4932258.0,0.0,456130.0,2.0299105669093427,193
639,2021-10-22,243464832.0,4940455.0,0.0,485753.0,2.0292273670145513,193
640,2021-10-23,243828278.0,4946263.0,0.0,363446.0,2.0285846418519187,193
641,2021-10-24,244143836.0,4950783.0,0.0,315558.0,2.0278140464705405,193
642,2021-10-25,244571601.0,4957440.0,0.0,427765.0,2.0269892251308446,193
643,2021-10-26,245014790.0,4965345.0,0.0,443189.0,2.026549091179353,193
644,2021-10-27,245528683.0,4974521.0,0.0,513893.0,2.0260447533944537,193
645,2021-10-28,245984380.0,4983085.0,0.0,455697.0,2.025772937289758,193
646,2021-10-29,246491461.0,4991161.0,1.0,507081.0,2.0248819085866834,193
647,2021-10-30,246874984.0,4997148.0,1.0,383523.0,2.0241613463760264,193
648,2021-10-31,247196243.0,5001627.0,1.0,321259.0,2.0233426444106595,193
649,2021-11-01,247615945.0,5007916.0,0.0,419702.0,2.022452956331225,193
650,2021-11-02,248037122.0,5015178.0,0.0,421177.0,2.0219465375025596,193
651,2021-11-03,248568451.0,5023614.0,0.0,531329.0,2.021018347175523,193
652,2021-11-04,249087890.0,5031241.0,0.0,519439.0,2.019865759029875,193
653,2021-11-05,249603195.0,5039837.0,0.0,515305.0,2.019139618785729,193
654,2021-11-06,250027113.0,5046454.0,0.0,423918.0,2.0183627045279686,193
655,2021-11-07,250372844.0,5050927.0,0.0,345731.0,2.0173621544994713,193
656,2021-11-08,250849282.0,5057607.0,0.0,476438.0,2.0161935324973346,193
657,2021-11-09,251332893.0,5065852.0,0.0,483611.0,2.0155945127325614,193
658,2021-11-10,251910696.0,5074009.0,0.0,577803.0,2.0142094323775757,193
659,2021-11-11,252428200.0,5081707.0,0.0,517504.0,2.013129674101388,193
660,2021-11-12,253021131.0,5090726.0,0.0,592931.0,2.011976620245208,193
661,2021-11-13,253447063.0,5096977.0,0.0,425932.0,2.011061773479695,193
662,2021-11-14,253799884.0,5101580.0,0.0,352821.0,2.0100797209190215,193
663,2021-11-15,254340456.0,5108565.0,0.0,540572.0,2.00855384170578,193
664,2021-11-16,254863431.0,5116256.0,0.0,522975.0,2.0074500213410373,193
665,2021-11-17,255490717.0,5125450.0,0.0,627286.0,2.006119854444653,193
666,2021-11-18,256104548.0,5133734.0,0.0,613831.0,2.0045462058721424,193
667,2021-11-19,256720354.0,5141772.0,0.0,615806.0,2.0028688492693494,193
668,2021-11-20,257199863.0,5147836.0,0.0,479509.0,2.0014925124590754,193
669,2021-11-21,257597617.0,5152355.0,0.0,397754.0,2.000156313557823,193
670,2021-11-22,258219066.0,5159598.0,0.0,621449.0,1.998147572882941,193
671,2021-11-23,258827659.0,5167655.0,0.0,608593.0,1.996562121670312,193
672,2021-11-24,259498947.0,5176326.0,0.0,671288.0,1.9947387300958872,193
673,2021-11-25,260095002.0,5184076.0,0.0,596055.0,1.9931471039954856,193
674,2021-11-26,260690541.0,5190878.0,0.0,595539.0,1.991203048675249,193
675,2021-11-27,261147809.0,5196787.0,0.0,457268.0,1.9899791692297906,193
676,2021-11-28,261554890.0,5201540.0,0.0,407081.0,1.9886991980918423,193
677,2021-11-29,262212879.0,5209314.0,0.0,657989.0,1.9866735836419385,193
678,2021-11-30,262838383.0,5217266.0,0.0,625504.0,1.9849711219688944,193
679,2021-12-01,263544506.0,5226526.0,0.0,706123.0,1.9831663650768725,193
680,2021-12-02,264250595.0,5236634.0,0.0,706089.0,1.981692415867597,193
681,2021-12-03,264964647.0,5245117.0,0.0,714052.0,1.9795535213420377,193
682,2021-12-04,265474614.0,5250591.0,0.0,509967.0,1.977812839008403,193
683,2021-12-05,265913845.0,5257914.0,0.0,439231.0,1.9772998280702532,193
684,2021-12-06,266506721.0,5264915.0,0.0,592876.0,1.9755280393097479,193
685,2021-12-07,267202666.0,5273211.0,0.0,695945.0,1.9734874202190782,193
686,2021-12-08,267869954.0,5281247.0,0.0,667288.0,1.9715712498311775,193
687,2021-12-09,268598195.0,5290070.0,0.0,728241.0,1.9695106290643538,193
688,2021-12-10,269285524.0,5298152.0,0.0,687329.0,1.967484891612666,193
689,2021-12-11,269781958.0,5304103.0,0.0,496434.0,1.9660703181641226,193
690,2021-12-12,270222619.0,5308669.0,0.0,440661.0,1.9645538999087269,193
691,2021-12-13,270853976.0,5315234.0,0.0,631357.0,1.9623983662695061,193
692,2021-12-14,271510966.0,5322964.0,0.0,656990.0,1.9604968736327208,193
693,2021-12-15,272249224.0,5332129.0,0.0,738258.0,1.958546996629823,193
694,2021-12-16,272986980.0,5339426.0,0.0,737756.0,1.9559269823051635,193
695,2021-12-17,273719045.0,5346417.0,0.0,732065.0,1.9532499099578546,193
696,2021-12-18,274295966.0,5352451.0,0.0,576921.0,1.9513414936623603,193
697,2021-12-19,274774821.0,5356751.0,0.0,478855.0,1.9495057736749468,193
698,2021-12-20,275527830.0,5363679.0,0.0,753009.0,1.9466922815020176,193
699,2021-12-21,276317989.0,5371404.0,0.0,790159.0,1.9439212117311695,193
700,2021-12-22,277219025.0,5379611.0,0.0,901036.0,1.9405634227304565,193
701,2021-12-23,278210376.0,5388866.0,0.0,991351.0,1.9369752046918625,193
702,2021-12-24,279054859.0,5394721.0,0.0,844483.0,1.933211634204155,193
703,2021-12-25,279725980.0,5398929.0,0.0,671121.0,1.93007778540985,193
704,2021-12-26,280310509.0,5402489.0,0.0,584529.0,1.927323031617056,193
705,2021-12-27,281592481.0,5409176.0,0.0,1281972.0,1.920923449657024,193
706,2021-12-28,282899602.0,5416561.0,0.0,1307121.0,1.9146584023826234,193
707,2021-12-29,284643614.0,5424551.0,0.0,1744012.0,1.9057343053549058,193
708,2021-12-30,286578003.0,5432059.0,0.0,1934389.0,1.8954905621280362,193
709,2021-12-31,288289700.0,5438591.0,0.0,1711697.0,1.8865020151604446,193
710,2022-01-01,289443487.0,5442778.0,0.0,1153787.0,1.8804285618629242,193
711,2022-01-02,290368703.0,5445897.0,0.0,925216.0,1.8755110119426337,193
712,2022-01-03,292798020.0,5451877.0,0.0,2429317.0,1.8619924410691027,193
713,2022-01-04,295347484.0,5459733.0,0.0,2549464.0,1.8485794854443387,193
714,2022-01-05,297904659.0,5467596.0,0.0,2557175.0,1.8353509536754173,193
715,2022-01-06,300525205.0,5474890.0,0.0,2620546.0,1.8217739839824751,193
716,2022-01-07,303459120.0,5481985.0,0.0,2933915.0,1.8064986809425927,193
717,2022-01-08,305579709.0,5487183.0,0.0,2120589.0,1.7956634025068727,193
718,2022-01-09,307586602.0,5490950.0,0.0,2006893.0,1.7851720342487478,193
719,2022-01-10,310772107.0,5497238.0,0.0,3185505.0,1.768896846331193,193
720,2022-01-11,313646399.0,5505728.0,0.0,2874292.0,1.7553933402563948,193
721,2022-01-12,317353731.0,5515292.0,0.0,3707332.0,1.7379004754792058,193
722,2022-01-13,320240962.0,5522819.0,0.0,2887231.0,1.7245823162372338,193
723,2022-01-14,323819272.0,5531213.0,0.0,3578310.0,1.7081172982193598,193
724,2022-01-15,326229417.0,5537210.0,0.0,2410145.0,1.6973362031297135,193
725,2022-01-16,328339861.0,5541343.0,0.0,2110444.0,1.6876851269666586,193
726,2022-01-17,331065389.0,5547439.0,0.0,2725528.0,1.6756324231766795,193
727,2022-01-18,334763914.0,5556447.0,0.0,3698525.0,1.6598106210456125,193
728,2022-01-19,338996275.0,5566862.0,0.0,4232361.0,1.6421602272768336,193
729,2022-01-20,342575544.0,5576094.0,0.0,3579269.0,1.6276976268918952,193
730,2022-01-21,346457873.0,5585790.0,0.0,3882329.0,1.6122566220338137,193
731,2022-01-22,349128121.0,5591671.0,0.0,2670248.0,1.601610029001359,193
732,2022-01-23,351371684.0,5596471.0,0.0,2243563.0,1.5927495739810382,193
733,2022-01-24,354953249.0,5604924.0,0.0,3581565.0,1.5790597820390706,193
